w1,w2,w3,w4,w5,w6,w7,w8,w9,w10,w11,w12,w13,w14,w15,w16,w17,w18,Re,alpha,CL,CD
-0.0036584672645443538,-0.013726228480611337,0.009425571814045675,0.013270146981255965,-0.00478759085427672,0.0018392105560657152,0.005453683698629825,0.009880557188174193,-0.007680652257932418,-0.00012318234095023452,-0.011873043886742467,0.012991150075572569,-0.011746478903948948,-0.01093207347166579,-0.010309544742000201,-1.3018491004336205e-05,0.00491517029975393,0.0003259366572594853,50000,0.0,0.2557,0.03632
-0.0036584672645443538,-0.013726228480611337,0.009425571814045675,0.013270146981255965,-0.00478759085427672,0.0018392105560657152,0.005453683698629825,0.009880557188174193,-0.007680652257932418,-0.00012318234095023452,-0.011873043886742467,0.012991150075572569,-0.011746478903948948,-0.01093207347166579,-0.010309544742000201,-1.3018491004336205e-05,0.00491517029975393,0.0003259366572594853,50000,1.0,0.3217,0.03811
-0.0036584672645443538,-0.013726228480611337,0.009425571814045675,0.013270146981255965,-0.00478759085427672,0.0018392105560657152,0.005453683698629825,0.009880557188174193,-0.007680652257932418,-0.00012318234095023452,-0.011873043886742467,0.012991150075572569,-0.011746478903948948,-0.01093207347166579,-0.010309544742000201,-1.3018491004336205e-05,0.00491517029975393,0.0003259366572594853,50000,2.0,0.3355,0.04134
-0.0036584672645443538,-0.013726228480611337,0.009425571814045675,0.013270146981255965,-0.00478759085427672,0.0018392105560657152,0.005453683698629825,0.009880557188174193,-0.007680652257932418,-0.00012318234095023452,-0.011873043886742467,0.012991150075572569,-0.011746478903948948,-0.01093207347166579,-0.010309544742000201,-1.3018491004336205e-05,0.00491517029975393,0.0003259366572594853,50000,3.0,0.3721,0.04507
-0.0036584672645443538,-0.013726228480611337,0.009425571814045675,0.013270146981255965,-0.00478759085427672,0.0018392105560657152,0.005453683698629825,0.009880557188174193,-0.007680652257932418,-0.00012318234095023452,-0.011873043886742467,0.012991150075572569,-0.011746478903948948,-0.01093207347166579,-0.010309544742000201,-1.3018491004336205e-05,0.00491517029975393,0.0003259366572594853,50000,4.0,0.4376,0.05042
-0.0036584672645443538,-0.013726228480611337,0.009425571814045675,0.013270146981255965,-0.00478759085427672,0.0018392105560657152,0.005453683698629825,0.009880557188174193,-0.007680652257932418,-0.00012318234095023452,-0.011873043886742467,0.012991150075572569,-0.011746478903948948,-0.01093207347166579,-0.010309544742000201,-1.3018491004336205e-05,0.00491517029975393,0.0003259366572594853,50000,5.0,0.4643,0.05913
-0.0036584672645443538,-0.013726228480611337,0.009425571814045675,0.013270146981255965,-0.00478759085427672,0.0018392105560657152,0.005453683698629825,0.009880557188174193,-0.007680652257932418,-0.00012318234095023452,-0.011873043886742467,0.012991150075572569,-0.011746478903948948,-0.01093207347166579,-0.010309544742000201,-1.3018491004336205e-05,0.00491517029975393,0.0003259366572594853,50000,6.0,0.5104,0.06898
-0.0036584672645443538,-0.013726228480611337,0.009425571814045675,0.013270146981255965,-0.00478759085427672,0.0018392105560657152,0.005453683698629825,0.009880557188174193,-0.007680652257932418,-0.00012318234095023452,-0.011873043886742467,0.012991150075572569,-0.011746478903948948,-0.01093207347166579,-0.010309544742000201,-1.3018491004336205e-05,0.00491517029975393,0.0003259366572594853,50000,9.0,0.5686,0.10304
-0.0036584672645443538,-0.013726228480611337,0.009425571814045675,0.013270146981255965,-0.00478759085427672,0.0018392105560657152,0.005453683698629825,0.009880557188174193,-0.007680652257932418,-0.00012318234095023452,-0.011873043886742467,0.012991150075572569,-0.011746478903948948,-0.01093207347166579,-0.010309544742000201,-1.3018491004336205e-05,0.00491517029975393,0.0003259366572594853,50000,10.0,0.6139,0.1107
-0.0036584672645443538,-0.013726228480611337,0.009425571814045675,0.013270146981255965,-0.00478759085427672,0.0018392105560657152,0.005453683698629825,0.009880557188174193,-0.007680652257932418,-0.00012318234095023452,-0.011873043886742467,0.012991150075572569,-0.011746478903948948,-0.01093207347166579,-0.010309544742000201,-1.3018491004336205e-05,0.00491517029975393,0.0003259366572594853,200000,0.0,0.3682,0.0135
-0.0036584672645443538,-0.013726228480611337,0.009425571814045675,0.013270146981255965,-0.00478759085427672,0.0018392105560657152,0.005453683698629825,0.009880557188174193,-0.007680652257932418,-0.00012318234095023452,-0.011873043886742467,0.012991150075572569,-0.011746478903948948,-0.01093207347166579,-0.010309544742000201,-1.3018491004336205e-05,0.00491517029975393,0.0003259366572594853,200000,1.0,0.4575,0.01471
-0.0036584672645443538,-0.013726228480611337,0.009425571814045675,0.013270146981255965,-0.00478759085427672,0.0018392105560657152,0.005453683698629825,0.009880557188174193,-0.007680652257932418,-0.00012318234095023452,-0.011873043886742467,0.012991150075572569,-0.011746478903948948,-0.01093207347166579,-0.010309544742000201,-1.3018491004336205e-05,0.00491517029975393,0.0003259366572594853,200000,2.0,0.5383,0.01517
-0.0036584672645443538,-0.013726228480611337,0.009425571814045675,0.013270146981255965,-0.00478759085427672,0.0018392105560657152,0.005453683698629825,0.009880557188174193,-0.007680652257932418,-0.00012318234095023452,-0.011873043886742467,0.012991150075572569,-0.011746478903948948,-0.01093207347166579,-0.010309544742000201,-1.3018491004336205e-05,0.00491517029975393,0.0003259366572594853,200000,3.0,0.6341,0.01515
-0.0036584672645443538,-0.013726228480611337,0.009425571814045675,0.013270146981255965,-0.00478759085427672,0.0018392105560657152,0.005453683698629825,0.009880557188174193,-0.007680652257932418,-0.00012318234095023452,-0.011873043886742467,0.012991150075572569,-0.011746478903948948,-0.01093207347166579,-0.010309544742000201,-1.3018491004336205e-05,0.00491517029975393,0.0003259366572594853,200000,4.0,0.731,0.01491
-0.0036584672645443538,-0.013726228480611337,0.009425571814045675,0.013270146981255965,-0.00478759085427672,0.0018392105560657152,0.005453683698629825,0.009880557188174193,-0.007680652257932418,-0.00012318234095023452,-0.011873043886742467,0.012991150075572569,-0.011746478903948948,-0.01093207347166579,-0.010309544742000201,-1.3018491004336205e-05,0.00491517029975393,0.0003259366572594853,200000,5.0,0.8209,0.01454
-0.0036584672645443538,-0.013726228480611337,0.009425571814045675,0.013270146981255965,-0.00478759085427672,0.0018392105560657152,0.005453683698629825,0.009880557188174193,-0.007680652257932418,-0.00012318234095023452,-0.011873043886742467,0.012991150075572569,-0.011746478903948948,-0.01093207347166579,-0.010309544742000201,-1.3018491004336205e-05,0.00491517029975393,0.0003259366572594853,200000,6.0,0.8832,0.01521
-0.0036584672645443538,-0.013726228480611337,0.009425571814045675,0.013270146981255965,-0.00478759085427672,0.0018392105560657152,0.005453683698629825,0.009880557188174193,-0.007680652257932418,-0.00012318234095023452,-0.011873043886742467,0.012991150075572569,-0.011746478903948948,-0.01093207347166579,-0.010309544742000201,-1.3018491004336205e-05,0.00491517029975393,0.0003259366572594853,200000,7.0,0.9145,0.02074
-0.0036584672645443538,-0.013726228480611337,0.009425571814045675,0.013270146981255965,-0.00478759085427672,0.0018392105560657152,0.005453683698629825,0.009880557188174193,-0.007680652257932418,-0.00012318234095023452,-0.011873043886742467,0.012991150075572569,-0.011746478903948948,-0.01093207347166579,-0.010309544742000201,-1.3018491004336205e-05,0.00491517029975393,0.0003259366572594853,200000,8.0,0.9643,0.02496
-0.0036584672645443538,-0.013726228480611337,0.009425571814045675,0.013270146981255965,-0.00478759085427672,0.0018392105560657152,0.005453683698629825,0.009880557188174193,-0.007680652257932418,-0.00012318234095023452,-0.011873043886742467,0.012991150075572569,-0.011746478903948948,-0.01093207347166579,-0.010309544742000201,-1.3018491004336205e-05,0.00491517029975393,0.0003259366572594853,200000,9.0,0.9841,0.03192
-0.0036584672645443538,-0.013726228480611337,0.009425571814045675,0.013270146981255965,-0.00478759085427672,0.0018392105560657152,0.005453683698629825,0.009880557188174193,-0.007680652257932418,-0.00012318234095023452,-0.011873043886742467,0.012991150075572569,-0.011746478903948948,-0.01093207347166579,-0.010309544742000201,-1.3018491004336205e-05,0.00491517029975393,0.0003259366572594853,200000,10.0,1.0225,0.03896
0.0026934309804047055,0.002849360975151597,0.010869534025697722,-0.005084787791081095,-0.006210817594752623,0.012110417410977351,0.007097887091249505,0.0126084692345051,-0.0038489938116608308,0.010868520878483074,-0.008296878428324668,-0.003503008491373522,0.005502123222872229,-0.01182418863972404,0.011087897201693609,-0.00730621141011351,-0.0005688634138323115,-0.009321260872099538,50000,0.0,-0.0209,0.02774
0.0026934309804047055,0.002849360975151597,0.010869534025697722,-0.005084787791081095,-0.006210817594752623,0.012110417410977351,0.007097887091249505,0.0126084692345051,-0.0038489938116608308,0.010868520878483074,-0.008296878428324668,-0.003503008491373522,0.005502123222872229,-0.01182418863972404,0.011087897201693609,-0.00730621141011351,-0.0005688634138323115,-0.009321260872099538,50000,1.0,0.249,0.03037
0.0026934309804047055,0.002849360975151597,0.010869534025697722,-0.005084787791081095,-0.006210817594752623,0.012110417410977351,0.007097887091249505,0.0126084692345051,-0.0038489938116608308,0.010868520878483074,-0.008296878428324668,-0.003503008491373522,0.005502123222872229,-0.01182418863972404,0.011087897201693609,-0.00730621141011351,-0.0005688634138323115,-0.009321260872099538,50000,2.0,0.5111,0.02401
0.0026934309804047055,0.002849360975151597,0.010869534025697722,-0.005084787791081095,-0.006210817594752623,0.012110417410977351,0.007097887091249505,0.0126084692345051,-0.0038489938116608308,0.010868520878483074,-0.008296878428324668,-0.003503008491373522,0.005502123222872229,-0.01182418863972404,0.011087897201693609,-0.00730621141011351,-0.0005688634138323115,-0.009321260872099538,50000,3.0,0.7048,0.02374
0.0026934309804047055,0.002849360975151597,0.010869534025697722,-0.005084787791081095,-0.006210817594752623,0.012110417410977351,0.007097887091249505,0.0126084692345051,-0.0038489938116608308,0.010868520878483074,-0.008296878428324668,-0.003503008491373522,0.005502123222872229,-0.01182418863972404,0.011087897201693609,-0.00730621141011351,-0.0005688634138323115,-0.009321260872099538,50000,4.0,0.8462,0.02664
0.0026934309804047055,0.002849360975151597,0.010869534025697722,-0.005084787791081095,-0.006210817594752623,0.012110417410977351,0.007097887091249505,0.0126084692345051,-0.0038489938116608308,0.010868520878483074,-0.008296878428324668,-0.003503008491373522,0.005502123222872229,-0.01182418863972404,0.011087897201693609,-0.00730621141011351,-0.0005688634138323115,-0.009321260872099538,50000,5.0,0.9476,0.03068
0.0026934309804047055,0.002849360975151597,0.010869534025697722,-0.005084787791081095,-0.006210817594752623,0.012110417410977351,0.007097887091249505,0.0126084692345051,-0.0038489938116608308,0.010868520878483074,-0.008296878428324668,-0.003503008491373522,0.005502123222872229,-0.01182418863972404,0.011087897201693609,-0.00730621141011351,-0.0005688634138323115,-0.009321260872099538,50000,6.0,1.0258,0.0357
0.0026934309804047055,0.002849360975151597,0.010869534025697722,-0.005084787791081095,-0.006210817594752623,0.012110417410977351,0.007097887091249505,0.0126084692345051,-0.0038489938116608308,0.010868520878483074,-0.008296878428324668,-0.003503008491373522,0.005502123222872229,-0.01182418863972404,0.011087897201693609,-0.00730621141011351,-0.0005688634138323115,-0.009321260872099538,50000,7.0,1.0922,0.04199
0.0026934309804047055,0.002849360975151597,0.010869534025697722,-0.005084787791081095,-0.006210817594752623,0.012110417410977351,0.007097887091249505,0.0126084692345051,-0.0038489938116608308,0.010868520878483074,-0.008296878428324668,-0.003503008491373522,0.005502123222872229,-0.01182418863972404,0.011087897201693609,-0.00730621141011351,-0.0005688634138323115,-0.009321260872099538,50000,8.0,1.073,0.05258
0.0026934309804047055,0.002849360975151597,0.010869534025697722,-0.005084787791081095,-0.006210817594752623,0.012110417410977351,0.007097887091249505,0.0126084692345051,-0.0038489938116608308,0.010868520878483074,-0.008296878428324668,-0.003503008491373522,0.005502123222872229,-0.01182418863972404,0.011087897201693609,-0.00730621141011351,-0.0005688634138323115,-0.009321260872099538,200000,0.0,0.3426,0.01102
0.0026934309804047055,0.002849360975151597,0.010869534025697722,-0.005084787791081095,-0.006210817594752623,0.012110417410977351,0.007097887091249505,0.0126084692345051,-0.0038489938116608308,0.010868520878483074,-0.008296878428324668,-0.003503008491373522,0.005502123222872229,-0.01182418863972404,0.011087897201693609,-0.00730621141011351,-0.0005688634138323115,-0.009321260872099538,200000,3.0,0.7256,0.01519
0.0026934309804047055,0.002849360975151597,0.010869534025697722,-0.005084787791081095,-0.006210817594752623,0.012110417410977351,0.007097887091249505,0.0126084692345051,-0.0038489938116608308,0.010868520878483074,-0.008296878428324668,-0.003503008491373522,0.005502123222872229,-0.01182418863972404,0.011087897201693609,-0.00730621141011351,-0.0005688634138323115,-0.009321260872099538,200000,4.0,0.8274,0.01634
0.0026934309804047055,0.002849360975151597,0.010869534025697722,-0.005084787791081095,-0.006210817594752623,0.012110417410977351,0.007097887091249505,0.0126084692345051,-0.0038489938116608308,0.010868520878483074,-0.008296878428324668,-0.003503008491373522,0.005502123222872229,-0.01182418863972404,0.011087897201693609,-0.00730621141011351,-0.0005688634138323115,-0.009321260872099538,200000,5.0,0.9305,0.01762
0.0026934309804047055,0.002849360975151597,0.010869534025697722,-0.005084787791081095,-0.006210817594752623,0.012110417410977351,0.007097887091249505,0.0126084692345051,-0.0038489938116608308,0.010868520878483074,-0.008296878428324668,-0.003503008491373522,0.005502123222872229,-0.01182418863972404,0.011087897201693609,-0.00730621141011351,-0.0005688634138323115,-0.009321260872099538,200000,6.0,1.0339,0.01908
0.0026934309804047055,0.002849360975151597,0.010869534025697722,-0.005084787791081095,-0.006210817594752623,0.012110417410977351,0.007097887091249505,0.0126084692345051,-0.0038489938116608308,0.010868520878483074,-0.008296878428324668,-0.003503008491373522,0.005502123222872229,-0.01182418863972404,0.011087897201693609,-0.00730621141011351,-0.0005688634138323115,-0.009321260872099538,200000,7.0,1.1302,0.02043
0.0026934309804047055,0.002849360975151597,0.010869534025697722,-0.005084787791081095,-0.006210817594752623,0.012110417410977351,0.007097887091249505,0.0126084692345051,-0.0038489938116608308,0.010868520878483074,-0.008296878428324668,-0.003503008491373522,0.005502123222872229,-0.01182418863972404,0.011087897201693609,-0.00730621141011351,-0.0005688634138323115,-0.009321260872099538,200000,8.0,1.2259,0.02193
0.0026934309804047055,0.002849360975151597,0.010869534025697722,-0.005084787791081095,-0.006210817594752623,0.012110417410977351,0.007097887091249505,0.0126084692345051,-0.0038489938116608308,0.010868520878483074,-0.008296878428324668,-0.003503008491373522,0.005502123222872229,-0.01182418863972404,0.011087897201693609,-0.00730621141011351,-0.0005688634138323115,-0.009321260872099538,200000,9.0,1.308,0.02314
0.0026934309804047055,0.002849360975151597,0.010869534025697722,-0.005084787791081095,-0.006210817594752623,0.012110417410977351,0.007097887091249505,0.0126084692345051,-0.0038489938116608308,0.010868520878483074,-0.008296878428324668,-0.003503008491373522,0.005502123222872229,-0.01182418863972404,0.011087897201693609,-0.00730621141011351,-0.0005688634138323115,-0.009321260872099538,200000,10.0,1.3719,0.02389
-0.004936118140804942,-0.0005766774333829192,0.001035979541289908,0.01452091971676029,-0.0020920595131427664,0.010803845249549433,-0.012263859777465984,0.0006426437103337068,-0.014611747047593151,0.005585103250025973,0.005681419575722237,-0.007838745733033708,0.003318495525539325,0.0062562848787319075,-0.0074553550522855035,0.001394750449766509,0.008074441133153587,-0.011662696740977061,50000,0.0,-0.0422,0.03613
-0.004936118140804942,-0.0005766774333829192,0.001035979541289908,0.01452091971676029,-0.0020920595131427664,0.010803845249549433,-0.012263859777465984,0.0006426437103337068,-0.014611747047593151,0.005585103250025973,0.005681419575722237,-0.007838745733033708,0.003318495525539325,0.0062562848787319075,-0.0074553550522855035,0.001394750449766509,0.008074441133153587,-0.011662696740977061,50000,1.0,0.0403,0.04028
-0.004936118140804942,-0.0005766774333829192,0.001035979541289908,0.01452091971676029,-0.0020920595131427664,0.010803845249549433,-0.012263859777465984,0.0006426437103337068,-0.014611747047593151,0.005585103250025973,0.005681419575722237,-0.007838745733033708,0.003318495525539325,0.0062562848787319075,-0.0074553550522855035,0.001394750449766509,0.008074441133153587,-0.011662696740977061,50000,2.0,0.1157,0.04529
-0.004936118140804942,-0.0005766774333829192,0.001035979541289908,0.01452091971676029,-0.0020920595131427664,0.010803845249549433,-0.012263859777465984,0.0006426437103337068,-0.014611747047593151,0.005585103250025973,0.005681419575722237,-0.007838745733033708,0.003318495525539325,0.0062562848787319075,-0.0074553550522855035,0.001394750449766509,0.008074441133153587,-0.011662696740977061,50000,4.0,0.3718,0.06335
-0.004936118140804942,-0.0005766774333829192,0.001035979541289908,0.01452091971676029,-0.0020920595131427664,0.010803845249549433,-0.012263859777465984,0.0006426437103337068,-0.014611747047593151,0.005585103250025973,0.005681419575722237,-0.007838745733033708,0.003318495525539325,0.0062562848787319075,-0.0074553550522855035,0.001394750449766509,0.008074441133153587,-0.011662696740977061,50000,5.0,0.4862,0.07279
-0.004936118140804942,-0.0005766774333829192,0.001035979541289908,0.01452091971676029,-0.0020920595131427664,0.010803845249549433,-0.012263859777465984,0.0006426437103337068,-0.014611747047593151,0.005585103250025973,0.005681419575722237,-0.007838745733033708,0.003318495525539325,0.0062562848787319075,-0.0074553550522855035,0.001394750449766509,0.008074441133153587,-0.011662696740977061,50000,6.0,0.54,0.08072
-0.004936118140804942,-0.0005766774333829192,0.001035979541289908,0.01452091971676029,-0.0020920595131427664,0.010803845249549433,-0.012263859777465984,0.0006426437103337068,-0.014611747047593151,0.005585103250025973,0.005681419575722237,-0.007838745733033708,0.003318495525539325,0.0062562848787319075,-0.0074553550522855035,0.001394750449766509,0.008074441133153587,-0.011662696740977061,50000,7.0,0.5923,0.08947
-0.004936118140804942,-0.0005766774333829192,0.001035979541289908,0.01452091971676029,-0.0020920595131427664,0.010803845249549433,-0.012263859777465984,0.0006426437103337068,-0.014611747047593151,0.005585103250025973,0.005681419575722237,-0.007838745733033708,0.003318495525539325,0.0062562848787319075,-0.0074553550522855035,0.001394750449766509,0.008074441133153587,-0.011662696740977061,50000,8.0,0.64,0.09897
-0.004936118140804942,-0.0005766774333829192,0.001035979541289908,0.01452091971676029,-0.0020920595131427664,0.010803845249549433,-0.012263859777465984,0.0006426437103337068,-0.014611747047593151,0.005585103250025973,0.005681419575722237,-0.007838745733033708,0.003318495525539325,0.0062562848787319075,-0.0074553550522855035,0.001394750449766509,0.008074441133153587,-0.011662696740977061,50000,9.0,0.6861,0.10892
-0.004936118140804942,-0.0005766774333829192,0.001035979541289908,0.01452091971676029,-0.0020920595131427664,0.010803845249549433,-0.012263859777465984,0.0006426437103337068,-0.014611747047593151,0.005585103250025973,0.005681419575722237,-0.007838745733033708,0.003318495525539325,0.0062562848787319075,-0.0074553550522855035,0.001394750449766509,0.008074441133153587,-0.011662696740977061,50000,10.0,0.7476,0.12058
-0.004936118140804942,-0.0005766774333829192,0.001035979541289908,0.01452091971676029,-0.0020920595131427664,0.010803845249549433,-0.012263859777465984,0.0006426437103337068,-0.014611747047593151,0.005585103250025973,0.005681419575722237,-0.007838745733033708,0.003318495525539325,0.0062562848787319075,-0.0074553550522855035,0.001394750449766509,0.008074441133153587,-0.011662696740977061,200000,0.0,0.372,0.01821
-0.004936118140804942,-0.0005766774333829192,0.001035979541289908,0.01452091971676029,-0.0020920595131427664,0.010803845249549433,-0.012263859777465984,0.0006426437103337068,-0.014611747047593151,0.005585103250025973,0.005681419575722237,-0.007838745733033708,0.003318495525539325,0.0062562848787319075,-0.0074553550522855035,0.001394750449766509,0.008074441133153587,-0.011662696740977061,200000,1.0,0.5541,0.0171
-0.004936118140804942,-0.0005766774333829192,0.001035979541289908,0.01452091971676029,-0.0020920595131427664,0.010803845249549433,-0.012263859777465984,0.0006426437103337068,-0.014611747047593151,0.005585103250025973,0.005681419575722237,-0.007838745733033708,0.003318495525539325,0.0062562848787319075,-0.0074553550522855035,0.001394750449766509,0.008074441133153587,-0.011662696740977061,200000,2.0,0.6441,0.01715
-0.004936118140804942,-0.0005766774333829192,0.001035979541289908,0.01452091971676029,-0.0020920595131427664,0.010803845249549433,-0.012263859777465984,0.0006426437103337068,-0.014611747047593151,0.005585103250025973,0.005681419575722237,-0.007838745733033708,0.003318495525539325,0.0062562848787319075,-0.0074553550522855035,0.001394750449766509,0.008074441133153587,-0.011662696740977061,200000,3.0,0.7435,0.01694
-0.004936118140804942,-0.0005766774333829192,0.001035979541289908,0.01452091971676029,-0.0020920595131427664,0.010803845249549433,-0.012263859777465984,0.0006426437103337068,-0.014611747047593151,0.005585103250025973,0.005681419575722237,-0.007838745733033708,0.003318495525539325,0.0062562848787319075,-0.0074553550522855035,0.001394750449766509,0.008074441133153587,-0.011662696740977061,200000,4.0,0.85,0.01683
-0.004936118140804942,-0.0005766774333829192,0.001035979541289908,0.01452091971676029,-0.0020920595131427664,0.010803845249549433,-0.012263859777465984,0.0006426437103337068,-0.014611747047593151,0.005585103250025973,0.005681419575722237,-0.007838745733033708,0.003318495525539325,0.0062562848787319075,-0.0074553550522855035,0.001394750449766509,0.008074441133153587,-0.011662696740977061,200000,5.0,0.9633,0.0162
-0.004936118140804942,-0.0005766774333829192,0.001035979541289908,0.01452091971676029,-0.0020920595131427664,0.010803845249549433,-0.012263859777465984,0.0006426437103337068,-0.014611747047593151,0.005585103250025973,0.005681419575722237,-0.007838745733033708,0.003318495525539325,0.0062562848787319075,-0.0074553550522855035,0.001394750449766509,0.008074441133153587,-0.011662696740977061,200000,6.0,1.0772,0.01533
-0.004936118140804942,-0.0005766774333829192,0.001035979541289908,0.01452091971676029,-0.0020920595131427664,0.010803845249549433,-0.012263859777465984,0.0006426437103337068,-0.014611747047593151,0.005585103250025973,0.005681419575722237,-0.007838745733033708,0.003318495525539325,0.0062562848787319075,-0.0074553550522855035,0.001394750449766509,0.008074441133153587,-0.011662696740977061,200000,7.0,1.1868,0.01468
-0.004936118140804942,-0.0005766774333829192,0.001035979541289908,0.01452091971676029,-0.0020920595131427664,0.010803845249549433,-0.012263859777465984,0.0006426437103337068,-0.014611747047593151,0.005585103250025973,0.005681419575722237,-0.007838745733033708,0.003318495525539325,0.0062562848787319075,-0.0074553550522855035,0.001394750449766509,0.008074441133153587,-0.011662696740977061,200000,8.0,1.2771,0.01552
-0.004936118140804942,-0.0005766774333829192,0.001035979541289908,0.01452091971676029,-0.0020920595131427664,0.010803845249549433,-0.012263859777465984,0.0006426437103337068,-0.014611747047593151,0.005585103250025973,0.005681419575722237,-0.007838745733033708,0.003318495525539325,0.0062562848787319075,-0.0074553550522855035,0.001394750449766509,0.008074441133153587,-0.011662696740977061,200000,9.0,1.3437,0.01815
-0.004936118140804942,-0.0005766774333829192,0.001035979541289908,0.01452091971676029,-0.0020920595131427664,0.010803845249549433,-0.012263859777465984,0.0006426437103337068,-0.014611747047593151,0.005585103250025973,0.005681419575722237,-0.007838745733033708,0.003318495525539325,0.0062562848787319075,-0.0074553550522855035,0.001394750449766509,0.008074441133153587,-0.011662696740977061,200000,10.0,1.3725,0.0229
-0.003488054377766432,-0.010274275677211106,0.011936678969473195,0.012661238291594868,-0.008911998323450502,0.011254924918856296,0.008662458730873672,0.007325925335780047,-0.0022758584742771752,-0.006177279856640027,-0.013066477089725652,0.005102081738520087,-0.009770902624099118,-0.005989929180485524,0.009104430977289437,-0.005639687625321825,0.005984996599682064,0.0038973248195020606,50000,0.0,0.0884,0.036
-0.003488054377766432,-0.010274275677211106,0.011936678969473195,0.012661238291594868,-0.008911998323450502,0.011254924918856296,0.008662458730873672,0.007325925335780047,-0.0022758584742771752,-0.006177279856640027,-0.013066477089725652,0.005102081738520087,-0.009770902624099118,-0.005989929180485524,0.009104430977289437,-0.005639687625321825,0.005984996599682064,0.0038973248195020606,50000,1.0,0.2606,0.03763
-0.003488054377766432,-0.010274275677211106,0.011936678969473195,0.012661238291594868,-0.008911998323450502,0.011254924918856296,0.008662458730873672,0.007325925335780047,-0.0022758584742771752,-0.006177279856640027,-0.013066477089725652,0.005102081738520087,-0.009770902624099118,-0.005989929180485524,0.009104430977289437,-0.005639687625321825,0.005984996599682064,0.0038973248195020606,50000,2.0,0.3918,0.03907
-0.003488054377766432,-0.010274275677211106,0.011936678969473195,0.012661238291594868,-0.008911998323450502,0.011254924918856296,0.008662458730873672,0.007325925335780047,-0.0022758584742771752,-0.006177279856640027,-0.013066477089725652,0.005102081738520087,-0.009770902624099118,-0.005989929180485524,0.009104430977289437,-0.005639687625321825,0.005984996599682064,0.0038973248195020606,50000,3.0,0.5143,0.04059
-0.003488054377766432,-0.010274275677211106,0.011936678969473195,0.012661238291594868,-0.008911998323450502,0.011254924918856296,0.008662458730873672,0.007325925335780047,-0.0022758584742771752,-0.006177279856640027,-0.013066477089725652,0.005102081738520087,-0.009770902624099118,-0.005989929180485524,0.009104430977289437,-0.005639687625321825,0.005984996599682064,0.0038973248195020606,50000,4.0,0.6277,0.04263
-0.003488054377766432,-0.010274275677211106,0.011936678969473195,0.012661238291594868,-0.008911998323450502,0.011254924918856296,0.008662458730873672,0.007325925335780047,-0.0022758584742771752,-0.006177279856640027,-0.013066477089725652,0.005102081738520087,-0.009770902624099118,-0.005989929180485524,0.009104430977289437,-0.005639687625321825,0.005984996599682064,0.0038973248195020606,50000,6.0,0.6849,0.06247
-0.003488054377766432,-0.010274275677211106,0.011936678969473195,0.012661238291594868,-0.008911998323450502,0.011254924918856296,0.008662458730873672,0.007325925335780047,-0.0022758584742771752,-0.006177279856640027,-0.013066477089725652,0.005102081738520087,-0.009770902624099118,-0.005989929180485524,0.009104430977289437,-0.005639687625321825,0.005984996599682064,0.0038973248195020606,50000,7.0,0.7018,0.07528
-0.003488054377766432,-0.010274275677211106,0.011936678969473195,0.012661238291594868,-0.008911998323450502,0.011254924918856296,0.008662458730873672,0.007325925335780047,-0.0022758584742771752,-0.006177279856640027,-0.013066477089725652,0.005102081738520087,-0.009770902624099118,-0.005989929180485524,0.009104430977289437,-0.005639687625321825,0.005984996599682064,0.0038973248195020606,50000,8.0,0.5522,0.09935
-0.003488054377766432,-0.010274275677211106,0.011936678969473195,0.012661238291594868,-0.008911998323450502,0.011254924918856296,0.008662458730873672,0.007325925335780047,-0.0022758584742771752,-0.006177279856640027,-0.013066477089725652,0.005102081738520087,-0.009770902624099118,-0.005989929180485524,0.009104430977289437,-0.005639687625321825,0.005984996599682064,0.0038973248195020606,50000,9.0,0.6046,0.10858
-0.003488054377766432,-0.010274275677211106,0.011936678969473195,0.012661238291594868,-0.008911998323450502,0.011254924918856296,0.008662458730873672,0.007325925335780047,-0.0022758584742771752,-0.006177279856640027,-0.013066477089725652,0.005102081738520087,-0.009770902624099118,-0.005989929180485524,0.009104430977289437,-0.005639687625321825,0.005984996599682064,0.0038973248195020606,50000,10.0,0.6569,0.11812
-0.003488054377766432,-0.010274275677211106,0.011936678969473195,0.012661238291594868,-0.008911998323450502,0.011254924918856296,0.008662458730873672,0.007325925335780047,-0.0022758584742771752,-0.006177279856640027,-0.013066477089725652,0.005102081738520087,-0.009770902624099118,-0.005989929180485524,0.009104430977289437,-0.005639687625321825,0.005984996599682064,0.0038973248195020606,200000,0.0,0.4349,0.01182
-0.003488054377766432,-0.010274275677211106,0.011936678969473195,0.012661238291594868,-0.008911998323450502,0.011254924918856296,0.008662458730873672,0.007325925335780047,-0.0022758584742771752,-0.006177279856640027,-0.013066477089725652,0.005102081738520087,-0.009770902624099118,-0.005989929180485524,0.009104430977289437,-0.005639687625321825,0.005984996599682064,0.0038973248195020606,200000,1.0,0.5248,0.01085
-0.003488054377766432,-0.010274275677211106,0.011936678969473195,0.012661238291594868,-0.008911998323450502,0.011254924918856296,0.008662458730873672,0.007325925335780047,-0.0022758584742771752,-0.006177279856640027,-0.013066477089725652,0.005102081738520087,-0.009770902624099118,-0.005989929180485524,0.009104430977289437,-0.005639687625321825,0.005984996599682064,0.0038973248195020606,200000,2.0,0.6805,0.01124
-0.003488054377766432,-0.010274275677211106,0.011936678969473195,0.012661238291594868,-0.008911998323450502,0.011254924918856296,0.008662458730873672,0.007325925335780047,-0.0022758584742771752,-0.006177279856640027,-0.013066477089725652,0.005102081738520087,-0.009770902624099118,-0.005989929180485524,0.009104430977289437,-0.005639687625321825,0.005984996599682064,0.0038973248195020606,200000,3.0,0.7709,0.01243
-0.003488054377766432,-0.010274275677211106,0.011936678969473195,0.012661238291594868,-0.008911998323450502,0.011254924918856296,0.008662458730873672,0.007325925335780047,-0.0022758584742771752,-0.006177279856640027,-0.013066477089725652,0.005102081738520087,-0.009770902624099118,-0.005989929180485524,0.009104430977289437,-0.005639687625321825,0.005984996599682064,0.0038973248195020606,200000,4.0,0.8695,0.01365
-0.003488054377766432,-0.010274275677211106,0.011936678969473195,0.012661238291594868,-0.008911998323450502,0.011254924918856296,0.008662458730873672,0.007325925335780047,-0.0022758584742771752,-0.006177279856640027,-0.013066477089725652,0.005102081738520087,-0.009770902624099118,-0.005989929180485524,0.009104430977289437,-0.005639687625321825,0.005984996599682064,0.0038973248195020606,200000,5.0,0.9537,0.01463
-0.003488054377766432,-0.010274275677211106,0.011936678969473195,0.012661238291594868,-0.008911998323450502,0.011254924918856296,0.008662458730873672,0.007325925335780047,-0.0022758584742771752,-0.006177279856640027,-0.013066477089725652,0.005102081738520087,-0.009770902624099118,-0.005989929180485524,0.009104430977289437,-0.005639687625321825,0.005984996599682064,0.0038973248195020606,200000,6.0,1.036,0.0156
-0.003488054377766432,-0.010274275677211106,0.011936678969473195,0.012661238291594868,-0.008911998323450502,0.011254924918856296,0.008662458730873672,0.007325925335780047,-0.0022758584742771752,-0.006177279856640027,-0.013066477089725652,0.005102081738520087,-0.009770902624099118,-0.005989929180485524,0.009104430977289437,-0.005639687625321825,0.005984996599682064,0.0038973248195020606,200000,7.0,1.0867,0.01735
-0.003488054377766432,-0.010274275677211106,0.011936678969473195,0.012661238291594868,-0.008911998323450502,0.011254924918856296,0.008662458730873672,0.007325925335780047,-0.0022758584742771752,-0.006177279856640027,-0.013066477089725652,0.005102081738520087,-0.009770902624099118,-0.005989929180485524,0.009104430977289437,-0.005639687625321825,0.005984996599682064,0.0038973248195020606,200000,8.0,1.0938,0.02393
-0.003488054377766432,-0.010274275677211106,0.011936678969473195,0.012661238291594868,-0.008911998323450502,0.011254924918856296,0.008662458730873672,0.007325925335780047,-0.0022758584742771752,-0.006177279856640027,-0.013066477089725652,0.005102081738520087,-0.009770902624099118,-0.005989929180485524,0.009104430977289437,-0.005639687625321825,0.005984996599682064,0.0038973248195020606,200000,9.0,1.132,0.02858
-0.003488054377766432,-0.010274275677211106,0.011936678969473195,0.012661238291594868,-0.008911998323450502,0.011254924918856296,0.008662458730873672,0.007325925335780047,-0.0022758584742771752,-0.006177279856640027,-0.013066477089725652,0.005102081738520087,-0.009770902624099118,-0.005989929180485524,0.009104430977289437,-0.005639687625321825,0.005984996599682064,0.0038973248195020606,200000,10.0,1.1318,0.03664
0.003591545142161704,-0.0022767121895657036,0.014571609503594183,-0.009999217067450102,-0.0008020654145138931,0.009320593705953638,-0.00015106556834870374,0.0001953669436357882,-0.01395282027426154,-0.004268899646649789,-0.012510753739822593,-0.014199529663327083,0.009448033096612417,0.0122851231174863,0.006889061686690935,0.0008764922510534311,-0.00214630963104989,0.01459496278931241,50000,0.0,0.0156,0.04403
0.003591545142161704,-0.0022767121895657036,0.014571609503594183,-0.009999217067450102,-0.0008020654145138931,0.009320593705953638,-0.00015106556834870374,0.0001953669436357882,-0.01395282027426154,-0.004268899646649789,-0.012510753739822593,-0.014199529663327083,0.009448033096612417,0.0122851231174863,0.006889061686690935,0.0008764922510534311,-0.00214630963104989,0.01459496278931241,50000,1.0,0.2601,0.04187
0.003591545142161704,-0.0022767121895657036,0.014571609503594183,-0.009999217067450102,-0.0008020654145138931,0.009320593705953638,-0.00015106556834870374,0.0001953669436357882,-0.01395282027426154,-0.004268899646649789,-0.012510753739822593,-0.014199529663327083,0.009448033096612417,0.0122851231174863,0.006889061686690935,0.0008764922510534311,-0.00214630963104989,0.01459496278931241,50000,2.0,0.4662,0.03679
0.003591545142161704,-0.0022767121895657036,0.014571609503594183,-0.009999217067450102,-0.0008020654145138931,0.009320593705953638,-0.00015106556834870374,0.0001953669436357882,-0.01395282027426154,-0.004268899646649789,-0.012510753739822593,-0.014199529663327083,0.009448033096612417,0.0122851231174863,0.006889061686690935,0.0008764922510534311,-0.00214630963104989,0.01459496278931241,50000,3.0,0.6438,0.03079
0.003591545142161704,-0.0022767121895657036,0.014571609503594183,-0.009999217067450102,-0.0008020654145138931,0.009320593705953638,-0.00015106556834870374,0.0001953669436357882,-0.01395282027426154,-0.004268899646649789,-0.012510753739822593,-0.014199529663327083,0.009448033096612417,0.0122851231174863,0.006889061686690935,0.0008764922510534311,-0.00214630963104989,0.01459496278931241,50000,4.0,0.7861,0.02818
0.003591545142161704,-0.0022767121895657036,0.014571609503594183,-0.009999217067450102,-0.0008020654145138931,0.009320593705953638,-0.00015106556834870374,0.0001953669436357882,-0.01395282027426154,-0.004268899646649789,-0.012510753739822593,-0.014199529663327083,0.009448033096612417,0.0122851231174863,0.006889061686690935,0.0008764922510534311,-0.00214630963104989,0.01459496278931241,50000,5.0,0.9288,0.02941
0.003591545142161704,-0.0022767121895657036,0.014571609503594183,-0.009999217067450102,-0.0008020654145138931,0.009320593705953638,-0.00015106556834870374,0.0001953669436357882,-0.01395282027426154,-0.004268899646649789,-0.012510753739822593,-0.014199529663327083,0.009448033096612417,0.0122851231174863,0.006889061686690935,0.0008764922510534311,-0.00214630963104989,0.01459496278931241,50000,6.0,1.0356,0.03359
0.003591545142161704,-0.0022767121895657036,0.014571609503594183,-0.009999217067450102,-0.0008020654145138931,0.009320593705953638,-0.00015106556834870374,0.0001953669436357882,-0.01395282027426154,-0.004268899646649789,-0.012510753739822593,-0.014199529663327083,0.009448033096612417,0.0122851231174863,0.006889061686690935,0.0008764922510534311,-0.00214630963104989,0.01459496278931241,50000,7.0,1.1095,0.03981
0.003591545142161704,-0.0022767121895657036,0.014571609503594183,-0.009999217067450102,-0.0008020654145138931,0.009320593705953638,-0.00015106556834870374,0.0001953669436357882,-0.01395282027426154,-0.004268899646649789,-0.012510753739822593,-0.014199529663327083,0.009448033096612417,0.0122851231174863,0.006889061686690935,0.0008764922510534311,-0.00214630963104989,0.01459496278931241,50000,8.0,1.0785,0.05406
0.003591545142161704,-0.0022767121895657036,0.014571609503594183,-0.009999217067450102,-0.0008020654145138931,0.009320593705953638,-0.00015106556834870374,0.0001953669436357882,-0.01395282027426154,-0.004268899646649789,-0.012510753739822593,-0.014199529663327083,0.009448033096612417,0.0122851231174863,0.006889061686690935,0.0008764922510534311,-0.00214630963104989,0.01459496278931241,50000,9.0,0.828,0.09774
0.003591545142161704,-0.0022767121895657036,0.014571609503594183,-0.009999217067450102,-0.0008020654145138931,0.009320593705953638,-0.00015106556834870374,0.0001953669436357882,-0.01395282027426154,-0.004268899646649789,-0.012510753739822593,-0.014199529663327083,0.009448033096612417,0.0122851231174863,0.006889061686690935,0.0008764922510534311,-0.00214630963104989,0.01459496278931241,200000,0.0,0.435,0.01549
0.003591545142161704,-0.0022767121895657036,0.014571609503594183,-0.009999217067450102,-0.0008020654145138931,0.009320593705953638,-0.00015106556834870374,0.0001953669436357882,-0.01395282027426154,-0.004268899646649789,-0.012510753739822593,-0.014199529663327083,0.009448033096612417,0.0122851231174863,0.006889061686690935,0.0008764922510534311,-0.00214630963104989,0.01459496278931241,200000,1.0,0.5423,0.01404
0.003591545142161704,-0.0022767121895657036,0.014571609503594183,-0.009999217067450102,-0.0008020654145138931,0.009320593705953638,-0.00015106556834870374,0.0001953669436357882,-0.01395282027426154,-0.004268899646649789,-0.012510753739822593,-0.014199529663327083,0.009448033096612417,0.0122851231174863,0.006889061686690935,0.0008764922510534311,-0.00214630963104989,0.01459496278931241,200000,2.0,0.6228,0.0148
0.003591545142161704,-0.0022767121895657036,0.014571609503594183,-0.009999217067450102,-0.0008020654145138931,0.009320593705953638,-0.00015106556834870374,0.0001953669436357882,-0.01395282027426154,-0.004268899646649789,-0.012510753739822593,-0.014199529663327083,0.009448033096612417,0.0122851231174863,0.006889061686690935,0.0008764922510534311,-0.00214630963104989,0.01459496278931241,200000,3.0,0.7195,0.01601
0.003591545142161704,-0.0022767121895657036,0.014571609503594183,-0.009999217067450102,-0.0008020654145138931,0.009320593705953638,-0.00015106556834870374,0.0001953669436357882,-0.01395282027426154,-0.004268899646649789,-0.012510753739822593,-0.014199529663327083,0.009448033096612417,0.0122851231174863,0.006889061686690935,0.0008764922510534311,-0.00214630963104989,0.01459496278931241,200000,4.0,0.8246,0.01687
0.003591545142161704,-0.0022767121895657036,0.014571609503594183,-0.009999217067450102,-0.0008020654145138931,0.009320593705953638,-0.00015106556834870374,0.0001953669436357882,-0.01395282027426154,-0.004268899646649789,-0.012510753739822593,-0.014199529663327083,0.009448033096612417,0.0122851231174863,0.006889061686690935,0.0008764922510534311,-0.00214630963104989,0.01459496278931241,200000,5.0,0.9316,0.01793
0.003591545142161704,-0.0022767121895657036,0.014571609503594183,-0.009999217067450102,-0.0008020654145138931,0.009320593705953638,-0.00015106556834870374,0.0001953669436357882,-0.01395282027426154,-0.004268899646649789,-0.012510753739822593,-0.014199529663327083,0.009448033096612417,0.0122851231174863,0.006889061686690935,0.0008764922510534311,-0.00214630963104989,0.01459496278931241,200000,6.0,1.0386,0.01895
0.003591545142161704,-0.0022767121895657036,0.014571609503594183,-0.009999217067450102,-0.0008020654145138931,0.009320593705953638,-0.00015106556834870374,0.0001953669436357882,-0.01395282027426154,-0.004268899646649789,-0.012510753739822593,-0.014199529663327083,0.009448033096612417,0.0122851231174863,0.006889061686690935,0.0008764922510534311,-0.00214630963104989,0.01459496278931241,200000,7.0,1.1507,0.0195
0.003591545142161704,-0.0022767121895657036,0.014571609503594183,-0.009999217067450102,-0.0008020654145138931,0.009320593705953638,-0.00015106556834870374,0.0001953669436357882,-0.01395282027426154,-0.004268899646649789,-0.012510753739822593,-0.014199529663327083,0.009448033096612417,0.0122851231174863,0.006889061686690935,0.0008764922510534311,-0.00214630963104989,0.01459496278931241,200000,8.0,1.2418,0.02071
0.003591545142161704,-0.0022767121895657036,0.014571609503594183,-0.009999217067450102,-0.0008020654145138931,0.009320593705953638,-0.00015106556834870374,0.0001953669436357882,-0.01395282027426154,-0.004268899646649789,-0.012510753739822593,-0.014199529663327083,0.009448033096612417,0.0122851231174863,0.006889061686690935,0.0008764922510534311,-0.00214630963104989,0.01459496278931241,200000,9.0,1.3182,0.02155
0.003591545142161704,-0.0022767121895657036,0.014571609503594183,-0.009999217067450102,-0.0008020654145138931,0.009320593705953638,-0.00015106556834870374,0.0001953669436357882,-0.01395282027426154,-0.004268899646649789,-0.012510753739822593,-0.014199529663327083,0.009448033096612417,0.0122851231174863,0.006889061686690935,0.0008764922510534311,-0.00214630963104989,0.01459496278931241,200000,10.0,1.3867,0.02256
-0.0013674524809668583,0.005913076134892909,0.01103023492426914,-0.007968887862351622,0.0004056862769179926,0.011706839339332607,-0.004565620265537362,0.01346747449874177,0.003272084586518915,0.013627165006597105,0.0019831098039374585,0.008062933584916759,-0.013254567857820376,-0.0018142239481890692,-0.005011111109961766,-0.002151918935567416,0.0036456496977009326,-0.005949794938545257,50000,2.0,0.5192,0.02906
-0.0013674524809668583,0.005913076134892909,0.01103023492426914,-0.007968887862351622,0.0004056862769179926,0.011706839339332607,-0.004565620265537362,0.01346747449874177,0.003272084586518915,0.013627165006597105,0.0019831098039374585,0.008062933584916759,-0.013254567857820376,-0.0018142239481890692,-0.005011111109961766,-0.002151918935567416,0.0036456496977009326,-0.005949794938545257,50000,3.0,0.6695,0.0275
-0.0013674524809668583,0.005913076134892909,0.01103023492426914,-0.007968887862351622,0.0004056862769179926,0.011706839339332607,-0.004565620265537362,0.01346747449874177,0.003272084586518915,0.013627165006597105,0.0019831098039374585,0.008062933584916759,-0.013254567857820376,-0.0018142239481890692,-0.005011111109961766,-0.002151918935567416,0.0036456496977009326,-0.005949794938545257,50000,4.0,0.7786,0.0274
-0.0013674524809668583,0.005913076134892909,0.01103023492426914,-0.007968887862351622,0.0004056862769179926,0.011706839339332607,-0.004565620265537362,0.01346747449874177,0.003272084586518915,0.013627165006597105,0.0019831098039374585,0.008062933584916759,-0.013254567857820376,-0.0018142239481890692,-0.005011111109961766,-0.002151918935567416,0.0036456496977009326,-0.005949794938545257,50000,5.0,0.8941,0.02913
-0.0013674524809668583,0.005913076134892909,0.01103023492426914,-0.007968887862351622,0.0004056862769179926,0.011706839339332607,-0.004565620265537362,0.01346747449874177,0.003272084586518915,0.013627165006597105,0.0019831098039374585,0.008062933584916759,-0.013254567857820376,-0.0018142239481890692,-0.005011111109961766,-0.002151918935567416,0.0036456496977009326,-0.005949794938545257,50000,6.0,0.9821,0.03316
-0.0013674524809668583,0.005913076134892909,0.01103023492426914,-0.007968887862351622,0.0004056862769179926,0.011706839339332607,-0.004565620265537362,0.01346747449874177,0.003272084586518915,0.013627165006597105,0.0019831098039374585,0.008062933584916759,-0.013254567857820376,-0.0018142239481890692,-0.005011111109961766,-0.002151918935567416,0.0036456496977009326,-0.005949794938545257,50000,7.0,1.0555,0.039
-0.0013674524809668583,0.005913076134892909,0.01103023492426914,-0.007968887862351622,0.0004056862769179926,0.011706839339332607,-0.004565620265537362,0.01346747449874177,0.003272084586518915,0.013627165006597105,0.0019831098039374585,0.008062933584916759,-0.013254567857820376,-0.0018142239481890692,-0.005011111109961766,-0.002151918935567416,0.0036456496977009326,-0.005949794938545257,50000,8.0,1.0728,0.04876
-0.0013674524809668583,0.005913076134892909,0.01103023492426914,-0.007968887862351622,0.0004056862769179926,0.011706839339332607,-0.004565620265537362,0.01346747449874177,0.003272084586518915,0.013627165006597105,0.0019831098039374585,0.008062933584916759,-0.013254567857820376,-0.0018142239481890692,-0.005011111109961766,-0.002151918935567416,0.0036456496977009326,-0.005949794938545257,200000,0.0,0.401,0.01287
-0.0013674524809668583,0.005913076134892909,0.01103023492426914,-0.007968887862351622,0.0004056862769179926,0.011706839339332607,-0.004565620265537362,0.01346747449874177,0.003272084586518915,0.013627165006597105,0.0019831098039374585,0.008062933584916759,-0.013254567857820376,-0.0018142239481890692,-0.005011111109961766,-0.002151918935567416,0.0036456496977009326,-0.005949794938545257,200000,1.0,0.5795,0.01232
-0.0013674524809668583,0.005913076134892909,0.01103023492426914,-0.007968887862351622,0.0004056862769179926,0.011706839339332607,-0.004565620265537362,0.01346747449874177,0.003272084586518915,0.013627165006597105,0.0019831098039374585,0.008062933584916759,-0.013254567857820376,-0.0018142239481890692,-0.005011111109961766,-0.002151918935567416,0.0036456496977009326,-0.005949794938545257,200000,2.0,0.6861,0.01326
-0.0013674524809668583,0.005913076134892909,0.01103023492426914,-0.007968887862351622,0.0004056862769179926,0.011706839339332607,-0.004565620265537362,0.01346747449874177,0.003272084586518915,0.013627165006597105,0.0019831098039374585,0.008062933584916759,-0.013254567857820376,-0.0018142239481890692,-0.005011111109961766,-0.002151918935567416,0.0036456496977009326,-0.005949794938545257,200000,3.0,0.75,0.01422
-0.0013674524809668583,0.005913076134892909,0.01103023492426914,-0.007968887862351622,0.0004056862769179926,0.011706839339332607,-0.004565620265537362,0.01346747449874177,0.003272084586518915,0.013627165006597105,0.0019831098039374585,0.008062933584916759,-0.013254567857820376,-0.0018142239481890692,-0.005011111109961766,-0.002151918935567416,0.0036456496977009326,-0.005949794938545257,200000,4.0,0.8171,0.01522
-0.0013674524809668583,0.005913076134892909,0.01103023492426914,-0.007968887862351622,0.0004056862769179926,0.011706839339332607,-0.004565620265537362,0.01346747449874177,0.003272084586518915,0.013627165006597105,0.0019831098039374585,0.008062933584916759,-0.013254567857820376,-0.0018142239481890692,-0.005011111109961766,-0.002151918935567416,0.0036456496977009326,-0.005949794938545257,200000,5.0,0.9075,0.01644
-0.0013674524809668583,0.005913076134892909,0.01103023492426914,-0.007968887862351622,0.0004056862769179926,0.011706839339332607,-0.004565620265537362,0.01346747449874177,0.003272084586518915,0.013627165006597105,0.0019831098039374585,0.008062933584916759,-0.013254567857820376,-0.0018142239481890692,-0.005011111109961766,-0.002151918935567416,0.0036456496977009326,-0.005949794938545257,200000,6.0,1.0119,0.01797
-0.0013674524809668583,0.005913076134892909,0.01103023492426914,-0.007968887862351622,0.0004056862769179926,0.011706839339332607,-0.004565620265537362,0.01346747449874177,0.003272084586518915,0.013627165006597105,0.0019831098039374585,0.008062933584916759,-0.013254567857820376,-0.0018142239481890692,-0.005011111109961766,-0.002151918935567416,0.0036456496977009326,-0.005949794938545257,200000,7.0,1.1154,0.01966
-0.0013674524809668583,0.005913076134892909,0.01103023492426914,-0.007968887862351622,0.0004056862769179926,0.011706839339332607,-0.004565620265537362,0.01346747449874177,0.003272084586518915,0.013627165006597105,0.0019831098039374585,0.008062933584916759,-0.013254567857820376,-0.0018142239481890692,-0.005011111109961766,-0.002151918935567416,0.0036456496977009326,-0.005949794938545257,200000,8.0,1.2109,0.0212
-0.0013674524809668583,0.005913076134892909,0.01103023492426914,-0.007968887862351622,0.0004056862769179926,0.011706839339332607,-0.004565620265537362,0.01346747449874177,0.003272084586518915,0.013627165006597105,0.0019831098039374585,0.008062933584916759,-0.013254567857820376,-0.0018142239481890692,-0.005011111109961766,-0.002151918935567416,0.0036456496977009326,-0.005949794938545257,200000,9.0,1.3022,0.02285
-0.0013674524809668583,0.005913076134892909,0.01103023492426914,-0.007968887862351622,0.0004056862769179926,0.011706839339332607,-0.004565620265537362,0.01346747449874177,0.003272084586518915,0.013627165006597105,0.0019831098039374585,0.008062933584916759,-0.013254567857820376,-0.0018142239481890692,-0.005011111109961766,-0.002151918935567416,0.0036456496977009326,-0.005949794938545257,200000,10.0,1.3803,0.02408
-0.008292069298601313,0.004519211585690443,-0.011352333447819683,0.008012593203143292,0.0031456915282316762,0.01280695692072729,0.0009372460820613326,0.005719634949995538,-0.004395015925557286,0.01066006328607725,-0.004848929516388104,0.010447939942232424,0.00682333519545119,-0.005554081240936067,0.010886007090527564,-0.011799612498170861,-0.006074818548560011,0.004335004142459551,50000,0.0,-0.1169,0.04068
-0.008292069298601313,0.004519211585690443,-0.011352333447819683,0.008012593203143292,0.0031456915282316762,0.01280695692072729,0.0009372460820613326,0.005719634949995538,-0.004395015925557286,0.01066006328607725,-0.004848929516388104,0.010447939942232424,0.00682333519545119,-0.005554081240936067,0.010886007090527564,-0.011799612498170861,-0.006074818548560011,0.004335004142459551,50000,1.0,-0.0134,0.04
-0.008292069298601313,0.004519211585690443,-0.011352333447819683,0.008012593203143292,0.0031456915282316762,0.01280695692072729,0.0009372460820613326,0.005719634949995538,-0.004395015925557286,0.01066006328607725,-0.004848929516388104,0.010447939942232424,0.00682333519545119,-0.005554081240936067,0.010886007090527564,-0.011799612498170861,-0.006074818548560011,0.004335004142459551,50000,2.0,0.1024,0.03981
-0.008292069298601313,0.004519211585690443,-0.011352333447819683,0.008012593203143292,0.0031456915282316762,0.01280695692072729,0.0009372460820613326,0.005719634949995538,-0.004395015925557286,0.01066006328607725,-0.004848929516388104,0.010447939942232424,0.00682333519545119,-0.005554081240936067,0.010886007090527564,-0.011799612498170861,-0.006074818548560011,0.004335004142459551,50000,3.0,0.1723,0.0431
-0.008292069298601313,0.004519211585690443,-0.011352333447819683,0.008012593203143292,0.0031456915282316762,0.01280695692072729,0.0009372460820613326,0.005719634949995538,-0.004395015925557286,0.01066006328607725,-0.004848929516388104,0.010447939942232424,0.00682333519545119,-0.005554081240936067,0.010886007090527564,-0.011799612498170861,-0.006074818548560011,0.004335004142459551,50000,4.0,0.2372,0.04705
-0.008292069298601313,0.004519211585690443,-0.011352333447819683,0.008012593203143292,0.0031456915282316762,0.01280695692072729,0.0009372460820613326,0.005719634949995538,-0.004395015925557286,0.01066006328607725,-0.004848929516388104,0.010447939942232424,0.00682333519545119,-0.005554081240936067,0.010886007090527564,-0.011799612498170861,-0.006074818548560011,0.004335004142459551,50000,5.0,0.2951,0.05213
-0.008292069298601313,0.004519211585690443,-0.011352333447819683,0.008012593203143292,0.0031456915282316762,0.01280695692072729,0.0009372460820613326,0.005719634949995538,-0.004395015925557286,0.01066006328607725,-0.004848929516388104,0.010447939942232424,0.00682333519545119,-0.005554081240936067,0.010886007090527564,-0.011799612498170861,-0.006074818548560011,0.004335004142459551,50000,6.0,0.5645,0.06092
-0.008292069298601313,0.004519211585690443,-0.011352333447819683,0.008012593203143292,0.0031456915282316762,0.01280695692072729,0.0009372460820613326,0.005719634949995538,-0.004395015925557286,0.01066006328607725,-0.004848929516388104,0.010447939942232424,0.00682333519545119,-0.005554081240936067,0.010886007090527564,-0.011799612498170861,-0.006074818548560011,0.004335004142459551,50000,7.0,0.7385,0.06023
-0.008292069298601313,0.004519211585690443,-0.011352333447819683,0.008012593203143292,0.0031456915282316762,0.01280695692072729,0.0009372460820613326,0.005719634949995538,-0.004395015925557286,0.01066006328607725,-0.004848929516388104,0.010447939942232424,0.00682333519545119,-0.005554081240936067,0.010886007090527564,-0.011799612498170861,-0.006074818548560011,0.004335004142459551,50000,8.0,0.9141,0.0492
-0.008292069298601313,0.004519211585690443,-0.011352333447819683,0.008012593203143292,0.0031456915282316762,0.01280695692072729,0.0009372460820613326,0.005719634949995538,-0.004395015925557286,0.01066006328607725,-0.004848929516388104,0.010447939942232424,0.00682333519545119,-0.005554081240936067,0.010886007090527564,-0.011799612498170861,-0.006074818548560011,0.004335004142459551,50000,9.0,1.1211,0.0356
-0.008292069298601313,0.004519211585690443,-0.011352333447819683,0.008012593203143292,0.0031456915282316762,0.01280695692072729,0.0009372460820613326,0.005719634949995538,-0.004395015925557286,0.01066006328607725,-0.004848929516388104,0.010447939942232424,0.00682333519545119,-0.005554081240936067,0.010886007090527564,-0.011799612498170861,-0.006074818548560011,0.004335004142459551,50000,10.0,1.3097,0.04372
-0.008292069298601313,0.004519211585690443,-0.011352333447819683,0.008012593203143292,0.0031456915282316762,0.01280695692072729,0.0009372460820613326,0.005719634949995538,-0.004395015925557286,0.01066006328607725,-0.004848929516388104,0.010447939942232424,0.00682333519545119,-0.005554081240936067,0.010886007090527564,-0.011799612498170861,-0.006074818548560011,0.004335004142459551,200000,1.0,0.6857,0.01723
-0.008292069298601313,0.004519211585690443,-0.011352333447819683,0.008012593203143292,0.0031456915282316762,0.01280695692072729,0.0009372460820613326,0.005719634949995538,-0.004395015925557286,0.01066006328607725,-0.004848929516388104,0.010447939942232424,0.00682333519545119,-0.005554081240936067,0.010886007090527564,-0.011799612498170861,-0.006074818548560011,0.004335004142459551,200000,2.0,0.7771,0.01828
-0.008292069298601313,0.004519211585690443,-0.011352333447819683,0.008012593203143292,0.0031456915282316762,0.01280695692072729,0.0009372460820613326,0.005719634949995538,-0.004395015925557286,0.01066006328607725,-0.004848929516388104,0.010447939942232424,0.00682333519545119,-0.005554081240936067,0.010886007090527564,-0.011799612498170861,-0.006074818548560011,0.004335004142459551,200000,3.0,0.8846,0.0178
-0.008292069298601313,0.004519211585690443,-0.011352333447819683,0.008012593203143292,0.0031456915282316762,0.01280695692072729,0.0009372460820613326,0.005719634949995538,-0.004395015925557286,0.01066006328607725,-0.004848929516388104,0.010447939942232424,0.00682333519545119,-0.005554081240936067,0.010886007090527564,-0.011799612498170861,-0.006074818548560011,0.004335004142459551,200000,4.0,0.9905,0.01597
-0.008292069298601313,0.004519211585690443,-0.011352333447819683,0.008012593203143292,0.0031456915282316762,0.01280695692072729,0.0009372460820613326,0.005719634949995538,-0.004395015925557286,0.01066006328607725,-0.004848929516388104,0.010447939942232424,0.00682333519545119,-0.005554081240936067,0.010886007090527564,-0.011799612498170861,-0.006074818548560011,0.004335004142459551,200000,5.0,1.0894,0.01487
-0.008292069298601313,0.004519211585690443,-0.011352333447819683,0.008012593203143292,0.0031456915282316762,0.01280695692072729,0.0009372460820613326,0.005719634949995538,-0.004395015925557286,0.01066006328607725,-0.004848929516388104,0.010447939942232424,0.00682333519545119,-0.005554081240936067,0.010886007090527564,-0.011799612498170861,-0.006074818548560011,0.004335004142459551,200000,6.0,1.162,0.01417
-0.008292069298601313,0.004519211585690443,-0.011352333447819683,0.008012593203143292,0.0031456915282316762,0.01280695692072729,0.0009372460820613326,0.005719634949995538,-0.004395015925557286,0.01066006328607725,-0.004848929516388104,0.010447939942232424,0.00682333519545119,-0.005554081240936067,0.010886007090527564,-0.011799612498170861,-0.006074818548560011,0.004335004142459551,200000,7.0,1.1419,0.01658
-0.008292069298601313,0.004519211585690443,-0.011352333447819683,0.008012593203143292,0.0031456915282316762,0.01280695692072729,0.0009372460820613326,0.005719634949995538,-0.004395015925557286,0.01066006328607725,-0.004848929516388104,0.010447939942232424,0.00682333519545119,-0.005554081240936067,0.010886007090527564,-0.011799612498170861,-0.006074818548560011,0.004335004142459551,200000,8.0,1.1083,0.02025
-0.008292069298601313,0.004519211585690443,-0.011352333447819683,0.008012593203143292,0.0031456915282316762,0.01280695692072729,0.0009372460820613326,0.005719634949995538,-0.004395015925557286,0.01066006328607725,-0.004848929516388104,0.010447939942232424,0.00682333519545119,-0.005554081240936067,0.010886007090527564,-0.011799612498170861,-0.006074818548560011,0.004335004142459551,200000,9.0,1.1037,0.02468
-0.008292069298601313,0.004519211585690443,-0.011352333447819683,0.008012593203143292,0.0031456915282316762,0.01280695692072729,0.0009372460820613326,0.005719634949995538,-0.004395015925557286,0.01066006328607725,-0.004848929516388104,0.010447939942232424,0.00682333519545119,-0.005554081240936067,0.010886007090527564,-0.011799612498170861,-0.006074818548560011,0.004335004142459551,200000,10.0,1.1412,0.02841
-0.00560097759253011,0.01046196302952055,-0.004062173866616803,-0.0015577798434937267,0.01252084363085984,-0.014741885521522963,0.001929724398262233,0.0017952205971117248,0.01345376232669827,-0.011278050867080204,-0.00032429467859784733,-0.008949659578974402,-0.007960917674851156,-0.0031156320067214534,-0.00438868394273474,0.014487680624581892,-0.01445396100654808,-0.007293914350736644,50000,0.0,0.1167,0.0334
-0.00560097759253011,0.01046196302952055,-0.004062173866616803,-0.0015577798434937267,0.01252084363085984,-0.014741885521522963,0.001929724398262233,0.0017952205971117248,0.01345376232669827,-0.011278050867080204,-0.00032429467859784733,-0.008949659578974402,-0.007960917674851156,-0.0031156320067214534,-0.00438868394273474,0.014487680624581892,-0.01445396100654808,-0.007293914350736644,50000,1.0,0.2392,0.03549
-0.00560097759253011,0.01046196302952055,-0.004062173866616803,-0.0015577798434937267,0.01252084363085984,-0.014741885521522963,0.001929724398262233,0.0017952205971117248,0.01345376232669827,-0.011278050867080204,-0.00032429467859784733,-0.008949659578974402,-0.007960917674851156,-0.0031156320067214534,-0.00438868394273474,0.014487680624581892,-0.01445396100654808,-0.007293914350736644,50000,2.0,0.358,0.03831
-0.00560097759253011,0.01046196302952055,-0.004062173866616803,-0.0015577798434937267,0.01252084363085984,-0.014741885521522963,0.001929724398262233,0.0017952205971117248,0.01345376232669827,-0.011278050867080204,-0.00032429467859784733,-0.008949659578974402,-0.007960917674851156,-0.0031156320067214534,-0.00438868394273474,0.014487680624581892,-0.01445396100654808,-0.007293914350736644,50000,3.0,0.475,0.04152
-0.00560097759253011,0.01046196302952055,-0.004062173866616803,-0.0015577798434937267,0.01252084363085984,-0.014741885521522963,0.001929724398262233,0.0017952205971117248,0.01345376232669827,-0.011278050867080204,-0.00032429467859784733,-0.008949659578974402,-0.007960917674851156,-0.0031156320067214534,-0.00438868394273474,0.014487680624581892,-0.01445396100654808,-0.007293914350736644,50000,4.0,0.5972,0.04449
-0.00560097759253011,0.01046196302952055,-0.004062173866616803,-0.0015577798434937267,0.01252084363085984,-0.014741885521522963,0.001929724398262233,0.0017952205971117248,0.01345376232669827,-0.011278050867080204,-0.00032429467859784733,-0.008949659578974402,-0.007960917674851156,-0.0031156320067214534,-0.00438868394273474,0.014487680624581892,-0.01445396100654808,-0.007293914350736644,50000,5.0,0.7045,0.04734
-0.00560097759253011,0.01046196302952055,-0.004062173866616803,-0.0015577798434937267,0.01252084363085984,-0.014741885521522963,0.001929724398262233,0.0017952205971117248,0.01345376232669827,-0.011278050867080204,-0.00032429467859784733,-0.008949659578974402,-0.007960917674851156,-0.0031156320067214534,-0.00438868394273474,0.014487680624581892,-0.01445396100654808,-0.007293914350736644,50000,6.0,0.7984,0.04978
-0.00560097759253011,0.01046196302952055,-0.004062173866616803,-0.0015577798434937267,0.01252084363085984,-0.014741885521522963,0.001929724398262233,0.0017952205971117248,0.01345376232669827,-0.011278050867080204,-0.00032429467859784733,-0.008949659578974402,-0.007960917674851156,-0.0031156320067214534,-0.00438868394273474,0.014487680624581892,-0.01445396100654808,-0.007293914350736644,50000,7.0,0.895,0.05069
-0.00560097759253011,0.01046196302952055,-0.004062173866616803,-0.0015577798434937267,0.01252084363085984,-0.014741885521522963,0.001929724398262233,0.0017952205971117248,0.01345376232669827,-0.011278050867080204,-0.00032429467859784733,-0.008949659578974402,-0.007960917674851156,-0.0031156320067214534,-0.00438868394273474,0.014487680624581892,-0.01445396100654808,-0.007293914350736644,50000,8.0,1.0627,0.04393
-0.00560097759253011,0.01046196302952055,-0.004062173866616803,-0.0015577798434937267,0.01252084363085984,-0.014741885521522963,0.001929724398262233,0.0017952205971117248,0.01345376232669827,-0.011278050867080204,-0.00032429467859784733,-0.008949659578974402,-0.007960917674851156,-0.0031156320067214534,-0.00438868394273474,0.014487680624581892,-0.01445396100654808,-0.007293914350736644,50000,9.0,1.1839,0.04273
-0.00560097759253011,0.01046196302952055,-0.004062173866616803,-0.0015577798434937267,0.01252084363085984,-0.014741885521522963,0.001929724398262233,0.0017952205971117248,0.01345376232669827,-0.011278050867080204,-0.00032429467859784733,-0.008949659578974402,-0.007960917674851156,-0.0031156320067214534,-0.00438868394273474,0.014487680624581892,-0.01445396100654808,-0.007293914350736644,50000,10.0,1.2348,0.05022
-0.00560097759253011,0.01046196302952055,-0.004062173866616803,-0.0015577798434937267,0.01252084363085984,-0.014741885521522963,0.001929724398262233,0.0017952205971117248,0.01345376232669827,-0.011278050867080204,-0.00032429467859784733,-0.008949659578974402,-0.007960917674851156,-0.0031156320067214534,-0.00438868394273474,0.014487680624581892,-0.01445396100654808,-0.007293914350736644,200000,0.0,0.2922,0.01581
-0.00560097759253011,0.01046196302952055,-0.004062173866616803,-0.0015577798434937267,0.01252084363085984,-0.014741885521522963,0.001929724398262233,0.0017952205971117248,0.01345376232669827,-0.011278050867080204,-0.00032429467859784733,-0.008949659578974402,-0.007960917674851156,-0.0031156320067214534,-0.00438868394273474,0.014487680624581892,-0.01445396100654808,-0.007293914350736644,200000,1.0,0.3983,0.01599
-0.00560097759253011,0.01046196302952055,-0.004062173866616803,-0.0015577798434937267,0.01252084363085984,-0.014741885521522963,0.001929724398262233,0.0017952205971117248,0.01345376232669827,-0.011278050867080204,-0.00032429467859784733,-0.008949659578974402,-0.007960917674851156,-0.0031156320067214534,-0.00438868394273474,0.014487680624581892,-0.01445396100654808,-0.007293914350736644,200000,2.0,0.5038,0.01581
-0.00560097759253011,0.01046196302952055,-0.004062173866616803,-0.0015577798434937267,0.01252084363085984,-0.014741885521522963,0.001929724398262233,0.0017952205971117248,0.01345376232669827,-0.011278050867080204,-0.00032429467859784733,-0.008949659578974402,-0.007960917674851156,-0.0031156320067214534,-0.00438868394273474,0.014487680624581892,-0.01445396100654808,-0.007293914350736644,200000,3.0,0.6091,0.01537
-0.00560097759253011,0.01046196302952055,-0.004062173866616803,-0.0015577798434937267,0.01252084363085984,-0.014741885521522963,0.001929724398262233,0.0017952205971117248,0.01345376232669827,-0.011278050867080204,-0.00032429467859784733,-0.008949659578974402,-0.007960917674851156,-0.0031156320067214534,-0.00438868394273474,0.014487680624581892,-0.01445396100654808,-0.007293914350736644,200000,4.0,0.7161,0.01484
-0.00560097759253011,0.01046196302952055,-0.004062173866616803,-0.0015577798434937267,0.01252084363085984,-0.014741885521522963,0.001929724398262233,0.0017952205971117248,0.01345376232669827,-0.011278050867080204,-0.00032429467859784733,-0.008949659578974402,-0.007960917674851156,-0.0031156320067214534,-0.00438868394273474,0.014487680624581892,-0.01445396100654808,-0.007293914350736644,200000,5.0,0.8187,0.01418
-0.00560097759253011,0.01046196302952055,-0.004062173866616803,-0.0015577798434937267,0.01252084363085984,-0.014741885521522963,0.001929724398262233,0.0017952205971117248,0.01345376232669827,-0.011278050867080204,-0.00032429467859784733,-0.008949659578974402,-0.007960917674851156,-0.0031156320067214534,-0.00438868394273474,0.014487680624581892,-0.01445396100654808,-0.007293914350736644,200000,6.0,0.9221,0.01425
-0.00560097759253011,0.01046196302952055,-0.004062173866616803,-0.0015577798434937267,0.01252084363085984,-0.014741885521522963,0.001929724398262233,0.0017952205971117248,0.01345376232669827,-0.011278050867080204,-0.00032429467859784733,-0.008949659578974402,-0.007960917674851156,-0.0031156320067214534,-0.00438868394273474,0.014487680624581892,-0.01445396100654808,-0.007293914350736644,200000,8.0,1.1001,0.01803
-0.00560097759253011,0.01046196302952055,-0.004062173866616803,-0.0015577798434937267,0.01252084363085984,-0.014741885521522963,0.001929724398262233,0.0017952205971117248,0.01345376232669827,-0.011278050867080204,-0.00032429467859784733,-0.008949659578974402,-0.007960917674851156,-0.0031156320067214534,-0.00438868394273474,0.014487680624581892,-0.01445396100654808,-0.007293914350736644,200000,9.0,1.1737,0.02041
-0.00560097759253011,0.01046196302952055,-0.004062173866616803,-0.0015577798434937267,0.01252084363085984,-0.014741885521522963,0.001929724398262233,0.0017952205971117248,0.01345376232669827,-0.011278050867080204,-0.00032429467859784733,-0.008949659578974402,-0.007960917674851156,-0.0031156320067214534,-0.00438868394273474,0.014487680624581892,-0.01445396100654808,-0.007293914350736644,200000,10.0,1.2595,0.02375
-0.011078012622606529,0.010233735114854734,0.009922036639312685,-0.008920156794133324,0.011217665846455682,-0.009300159230614297,-0.014044717620922976,0.010990988453581589,0.009061120749379238,-0.014347728919214578,0.011960409620424765,-0.002320328575525969,-0.012157280499150819,-0.012526909595025662,0.008644243803051618,0.005879181536770615,0.008480662430966998,0.012118493035361243,50000,0.0,0.4575,0.0317
-0.011078012622606529,0.010233735114854734,0.009922036639312685,-0.008920156794133324,0.011217665846455682,-0.009300159230614297,-0.014044717620922976,0.010990988453581589,0.009061120749379238,-0.014347728919214578,0.011960409620424765,-0.002320328575525969,-0.012157280499150819,-0.012526909595025662,0.008644243803051618,0.005879181536770615,0.008480662430966998,0.012118493035361243,50000,1.0,0.5269,0.03612
-0.011078012622606529,0.010233735114854734,0.009922036639312685,-0.008920156794133324,0.011217665846455682,-0.009300159230614297,-0.014044717620922976,0.010990988453581589,0.009061120749379238,-0.014347728919214578,0.011960409620424765,-0.002320328575525969,-0.012157280499150819,-0.012526909595025662,0.008644243803051618,0.005879181536770615,0.008480662430966998,0.012118493035361243,50000,2.0,0.522,0.04022
-0.011078012622606529,0.010233735114854734,0.009922036639312685,-0.008920156794133324,0.011217665846455682,-0.009300159230614297,-0.014044717620922976,0.010990988453581589,0.009061120749379238,-0.014347728919214578,0.011960409620424765,-0.002320328575525969,-0.012157280499150819,-0.012526909595025662,0.008644243803051618,0.005879181536770615,0.008480662430966998,0.012118493035361243,50000,3.0,0.5357,0.04484
-0.011078012622606529,0.010233735114854734,0.009922036639312685,-0.008920156794133324,0.011217665846455682,-0.009300159230614297,-0.014044717620922976,0.010990988453581589,0.009061120749379238,-0.014347728919214578,0.011960409620424765,-0.002320328575525969,-0.012157280499150819,-0.012526909595025662,0.008644243803051618,0.005879181536770615,0.008480662430966998,0.012118493035361243,50000,4.0,0.6175,0.05093
-0.011078012622606529,0.010233735114854734,0.009922036639312685,-0.008920156794133324,0.011217665846455682,-0.009300159230614297,-0.014044717620922976,0.010990988453581589,0.009061120749379238,-0.014347728919214578,0.011960409620424765,-0.002320328575525969,-0.012157280499150819,-0.012526909595025662,0.008644243803051618,0.005879181536770615,0.008480662430966998,0.012118493035361243,50000,5.0,0.6975,0.05853
-0.011078012622606529,0.010233735114854734,0.009922036639312685,-0.008920156794133324,0.011217665846455682,-0.009300159230614297,-0.014044717620922976,0.010990988453581589,0.009061120749379238,-0.014347728919214578,0.011960409620424765,-0.002320328575525969,-0.012157280499150819,-0.012526909595025662,0.008644243803051618,0.005879181536770615,0.008480662430966998,0.012118493035361243,50000,6.0,0.723,0.07146
-0.011078012622606529,0.010233735114854734,0.009922036639312685,-0.008920156794133324,0.011217665846455682,-0.009300159230614297,-0.014044717620922976,0.010990988453581589,0.009061120749379238,-0.014347728919214578,0.011960409620424765,-0.002320328575525969,-0.012157280499150819,-0.012526909595025662,0.008644243803051618,0.005879181536770615,0.008480662430966998,0.012118493035361243,50000,7.0,0.7447,0.08551
-0.011078012622606529,0.010233735114854734,0.009922036639312685,-0.008920156794133324,0.011217665846455682,-0.009300159230614297,-0.014044717620922976,0.010990988453581589,0.009061120749379238,-0.014347728919214578,0.011960409620424765,-0.002320328575525969,-0.012157280499150819,-0.012526909595025662,0.008644243803051618,0.005879181536770615,0.008480662430966998,0.012118493035361243,50000,9.0,0.701,0.12531
-0.011078012622606529,0.010233735114854734,0.009922036639312685,-0.008920156794133324,0.011217665846455682,-0.009300159230614297,-0.014044717620922976,0.010990988453581589,0.009061120749379238,-0.014347728919214578,0.011960409620424765,-0.002320328575525969,-0.012157280499150819,-0.012526909595025662,0.008644243803051618,0.005879181536770615,0.008480662430966998,0.012118493035361243,50000,10.0,0.7177,0.13579
-0.011078012622606529,0.010233735114854734,0.009922036639312685,-0.008920156794133324,0.011217665846455682,-0.009300159230614297,-0.014044717620922976,0.010990988453581589,0.009061120749379238,-0.014347728919214578,0.011960409620424765,-0.002320328575525969,-0.012157280499150819,-0.012526909595025662,0.008644243803051618,0.005879181536770615,0.008480662430966998,0.012118493035361243,200000,0.0,0.4346,0.01511
-0.011078012622606529,0.010233735114854734,0.009922036639312685,-0.008920156794133324,0.011217665846455682,-0.009300159230614297,-0.014044717620922976,0.010990988453581589,0.009061120749379238,-0.014347728919214578,0.011960409620424765,-0.002320328575525969,-0.012157280499150819,-0.012526909595025662,0.008644243803051618,0.005879181536770615,0.008480662430966998,0.012118493035361243,200000,1.0,0.5346,0.01534
-0.011078012622606529,0.010233735114854734,0.009922036639312685,-0.008920156794133324,0.011217665846455682,-0.009300159230614297,-0.014044717620922976,0.010990988453581589,0.009061120749379238,-0.014347728919214578,0.011960409620424765,-0.002320328575525969,-0.012157280499150819,-0.012526909595025662,0.008644243803051618,0.005879181536770615,0.008480662430966998,0.012118493035361243,200000,2.0,0.6422,0.01455
-0.011078012622606529,0.010233735114854734,0.009922036639312685,-0.008920156794133324,0.011217665846455682,-0.009300159230614297,-0.014044717620922976,0.010990988453581589,0.009061120749379238,-0.014347728919214578,0.011960409620424765,-0.002320328575525969,-0.012157280499150819,-0.012526909595025662,0.008644243803051618,0.005879181536770615,0.008480662430966998,0.012118493035361243,200000,3.0,0.7489,0.01405
-0.011078012622606529,0.010233735114854734,0.009922036639312685,-0.008920156794133324,0.011217665846455682,-0.009300159230614297,-0.014044717620922976,0.010990988453581589,0.009061120749379238,-0.014347728919214578,0.011960409620424765,-0.002320328575525969,-0.012157280499150819,-0.012526909595025662,0.008644243803051618,0.005879181536770615,0.008480662430966998,0.012118493035361243,200000,4.0,0.8514,0.0147
-0.011078012622606529,0.010233735114854734,0.009922036639312685,-0.008920156794133324,0.011217665846455682,-0.009300159230614297,-0.014044717620922976,0.010990988453581589,0.009061120749379238,-0.014347728919214578,0.011960409620424765,-0.002320328575525969,-0.012157280499150819,-0.012526909595025662,0.008644243803051618,0.005879181536770615,0.008480662430966998,0.012118493035361243,200000,5.0,0.9543,0.01587
-0.011078012622606529,0.010233735114854734,0.009922036639312685,-0.008920156794133324,0.011217665846455682,-0.009300159230614297,-0.014044717620922976,0.010990988453581589,0.009061120749379238,-0.014347728919214578,0.011960409620424765,-0.002320328575525969,-0.012157280499150819,-0.012526909595025662,0.008644243803051618,0.005879181536770615,0.008480662430966998,0.012118493035361243,200000,6.0,1.0546,0.01725
-0.011078012622606529,0.010233735114854734,0.009922036639312685,-0.008920156794133324,0.011217665846455682,-0.009300159230614297,-0.014044717620922976,0.010990988453581589,0.009061120749379238,-0.014347728919214578,0.011960409620424765,-0.002320328575525969,-0.012157280499150819,-0.012526909595025662,0.008644243803051618,0.005879181536770615,0.008480662430966998,0.012118493035361243,200000,7.0,1.1525,0.01859
-0.011078012622606529,0.010233735114854734,0.009922036639312685,-0.008920156794133324,0.011217665846455682,-0.009300159230614297,-0.014044717620922976,0.010990988453581589,0.009061120749379238,-0.014347728919214578,0.011960409620424765,-0.002320328575525969,-0.012157280499150819,-0.012526909595025662,0.008644243803051618,0.005879181536770615,0.008480662430966998,0.012118493035361243,200000,8.0,1.2576,0.01989
-0.011078012622606529,0.010233735114854734,0.009922036639312685,-0.008920156794133324,0.011217665846455682,-0.009300159230614297,-0.014044717620922976,0.010990988453581589,0.009061120749379238,-0.014347728919214578,0.011960409620424765,-0.002320328575525969,-0.012157280499150819,-0.012526909595025662,0.008644243803051618,0.005879181536770615,0.008480662430966998,0.012118493035361243,200000,9.0,1.3579,0.02179
-0.011078012622606529,0.010233735114854734,0.009922036639312685,-0.008920156794133324,0.011217665846455682,-0.009300159230614297,-0.014044717620922976,0.010990988453581589,0.009061120749379238,-0.014347728919214578,0.011960409620424765,-0.002320328575525969,-0.012157280499150819,-0.012526909595025662,0.008644243803051618,0.005879181536770615,0.008480662430966998,0.012118493035361243,200000,10.0,1.4469,0.02363
0.01145027158324248,-0.012744721632044402,-0.0037021362690144444,-0.0074638480553404826,0.009878424496419666,-0.002878989791257811,0.009227857301072086,0.01455874705554662,0.009864005655886986,0.00920956091891239,0.004741784800465821,-0.010329093364553036,0.00038018019403417147,-0.010416546467959758,-0.002072149049059873,0.0132313455544814,-0.009941470454679281,0.011720648679485447,50000,0.0,-0.1023,0.0275
0.01145027158324248,-0.012744721632044402,-0.0037021362690144444,-0.0074638480553404826,0.009878424496419666,-0.002878989791257811,0.009227857301072086,0.01455874705554662,0.009864005655886986,0.00920956091891239,0.004741784800465821,-0.010329093364553036,0.00038018019403417147,-0.010416546467959758,-0.002072149049059873,0.0132313455544814,-0.009941470454679281,0.011720648679485447,50000,1.0,-0.0223,0.02977
0.01145027158324248,-0.012744721632044402,-0.0037021362690144444,-0.0074638480553404826,0.009878424496419666,-0.002878989791257811,0.009227857301072086,0.01455874705554662,0.009864005655886986,0.00920956091891239,0.004741784800465821,-0.010329093364553036,0.00038018019403417147,-0.010416546467959758,-0.002072149049059873,0.0132313455544814,-0.009941470454679281,0.011720648679485447,50000,2.0,0.0583,0.03268
0.01145027158324248,-0.012744721632044402,-0.0037021362690144444,-0.0074638480553404826,0.009878424496419666,-0.002878989791257811,0.009227857301072086,0.01455874705554662,0.009864005655886986,0.00920956091891239,0.004741784800465821,-0.010329093364553036,0.00038018019403417147,-0.010416546467959758,-0.002072149049059873,0.0132313455544814,-0.009941470454679281,0.011720648679485447,50000,3.0,0.1363,0.03615
0.01145027158324248,-0.012744721632044402,-0.0037021362690144444,-0.0074638480553404826,0.009878424496419666,-0.002878989791257811,0.009227857301072086,0.01455874705554662,0.009864005655886986,0.00920956091891239,0.004741784800465821,-0.010329093364553036,0.00038018019403417147,-0.010416546467959758,-0.002072149049059873,0.0132313455544814,-0.009941470454679281,0.011720648679485447,50000,4.0,0.2103,0.04027
0.01145027158324248,-0.012744721632044402,-0.0037021362690144444,-0.0074638480553404826,0.009878424496419666,-0.002878989791257811,0.009227857301072086,0.01455874705554662,0.009864005655886986,0.00920956091891239,0.004741784800465821,-0.010329093364553036,0.00038018019403417147,-0.010416546467959758,-0.002072149049059873,0.0132313455544814,-0.009941470454679281,0.011720648679485447,50000,5.0,0.4178,0.04688
0.01145027158324248,-0.012744721632044402,-0.0037021362690144444,-0.0074638480553404826,0.009878424496419666,-0.002878989791257811,0.009227857301072086,0.01455874705554662,0.009864005655886986,0.00920956091891239,0.004741784800465821,-0.010329093364553036,0.00038018019403417147,-0.010416546467959758,-0.002072149049059873,0.0132313455544814,-0.009941470454679281,0.011720648679485447,50000,6.0,0.5649,0.05022
0.01145027158324248,-0.012744721632044402,-0.0037021362690144444,-0.0074638480553404826,0.009878424496419666,-0.002878989791257811,0.009227857301072086,0.01455874705554662,0.009864005655886986,0.00920956091891239,0.004741784800465821,-0.010329093364553036,0.00038018019403417147,-0.010416546467959758,-0.002072149049059873,0.0132313455544814,-0.009941470454679281,0.011720648679485447,50000,7.0,0.8523,0.03908
0.01145027158324248,-0.012744721632044402,-0.0037021362690144444,-0.0074638480553404826,0.009878424496419666,-0.002878989791257811,0.009227857301072086,0.01455874705554662,0.009864005655886986,0.00920956091891239,0.004741784800465821,-0.010329093364553036,0.00038018019403417147,-0.010416546467959758,-0.002072149049059873,0.0132313455544814,-0.009941470454679281,0.011720648679485447,50000,8.0,0.928,0.03212
0.01145027158324248,-0.012744721632044402,-0.0037021362690144444,-0.0074638480553404826,0.009878424496419666,-0.002878989791257811,0.009227857301072086,0.01455874705554662,0.009864005655886986,0.00920956091891239,0.004741784800465821,-0.010329093364553036,0.00038018019403417147,-0.010416546467959758,-0.002072149049059873,0.0132313455544814,-0.009941470454679281,0.011720648679485447,50000,9.0,1.1177,0.04811
0.01145027158324248,-0.012744721632044402,-0.0037021362690144444,-0.0074638480553404826,0.009878424496419666,-0.002878989791257811,0.009227857301072086,0.01455874705554662,0.009864005655886986,0.00920956091891239,0.004741784800465821,-0.010329093364553036,0.00038018019403417147,-0.010416546467959758,-0.002072149049059873,0.0132313455544814,-0.009941470454679281,0.011720648679485447,50000,10.0,1.1686,0.0624
0.01145027158324248,-0.012744721632044402,-0.0037021362690144444,-0.0074638480553404826,0.009878424496419666,-0.002878989791257811,0.009227857301072086,0.01455874705554662,0.009864005655886986,0.00920956091891239,0.004741784800465821,-0.010329093364553036,0.00038018019403417147,-0.010416546467959758,-0.002072149049059873,0.0132313455544814,-0.009941470454679281,0.011720648679485447,200000,0.0,0.1754,0.01771
0.01145027158324248,-0.012744721632044402,-0.0037021362690144444,-0.0074638480553404826,0.009878424496419666,-0.002878989791257811,0.009227857301072086,0.01455874705554662,0.009864005655886986,0.00920956091891239,0.004741784800465821,-0.010329093364553036,0.00038018019403417147,-0.010416546467959758,-0.002072149049059873,0.0132313455544814,-0.009941470454679281,0.011720648679485447,200000,1.0,0.3059,0.01608
0.01145027158324248,-0.012744721632044402,-0.0037021362690144444,-0.0074638480553404826,0.009878424496419666,-0.002878989791257811,0.009227857301072086,0.01455874705554662,0.009864005655886986,0.00920956091891239,0.004741784800465821,-0.010329093364553036,0.00038018019403417147,-0.010416546467959758,-0.002072149049059873,0.0132313455544814,-0.009941470454679281,0.011720648679485447,200000,2.0,0.4596,0.01389
0.01145027158324248,-0.012744721632044402,-0.0037021362690144444,-0.0074638480553404826,0.009878424496419666,-0.002878989791257811,0.009227857301072086,0.01455874705554662,0.009864005655886986,0.00920956091891239,0.004741784800465821,-0.010329093364553036,0.00038018019403417147,-0.010416546467959758,-0.002072149049059873,0.0132313455544814,-0.009941470454679281,0.011720648679485447,200000,3.0,0.6412,0.01231
0.01145027158324248,-0.012744721632044402,-0.0037021362690144444,-0.0074638480553404826,0.009878424496419666,-0.002878989791257811,0.009227857301072086,0.01455874705554662,0.009864005655886986,0.00920956091891239,0.004741784800465821,-0.010329093364553036,0.00038018019403417147,-0.010416546467959758,-0.002072149049059873,0.0132313455544814,-0.009941470454679281,0.011720648679485447,200000,5.0,0.8579,0.01256
0.01145027158324248,-0.012744721632044402,-0.0037021362690144444,-0.0074638480553404826,0.009878424496419666,-0.002878989791257811,0.009227857301072086,0.01455874705554662,0.009864005655886986,0.00920956091891239,0.004741784800465821,-0.010329093364553036,0.00038018019403417147,-0.010416546467959758,-0.002072149049059873,0.0132313455544814,-0.009941470454679281,0.011720648679485447,200000,6.0,0.8907,0.0141
0.01145027158324248,-0.012744721632044402,-0.0037021362690144444,-0.0074638480553404826,0.009878424496419666,-0.002878989791257811,0.009227857301072086,0.01455874705554662,0.009864005655886986,0.00920956091891239,0.004741784800465821,-0.010329093364553036,0.00038018019403417147,-0.010416546467959758,-0.002072149049059873,0.0132313455544814,-0.009941470454679281,0.011720648679485447,200000,8.0,0.9786,0.02328
0.01145027158324248,-0.012744721632044402,-0.0037021362690144444,-0.0074638480553404826,0.009878424496419666,-0.002878989791257811,0.009227857301072086,0.01455874705554662,0.009864005655886986,0.00920956091891239,0.004741784800465821,-0.010329093364553036,0.00038018019403417147,-0.010416546467959758,-0.002072149049059873,0.0132313455544814,-0.009941470454679281,0.011720648679485447,200000,9.0,1.0262,0.02816
0.01145027158324248,-0.012744721632044402,-0.0037021362690144444,-0.0074638480553404826,0.009878424496419666,-0.002878989791257811,0.009227857301072086,0.01455874705554662,0.009864005655886986,0.00920956091891239,0.004741784800465821,-0.010329093364553036,0.00038018019403417147,-0.010416546467959758,-0.002072149049059873,0.0132313455544814,-0.009941470454679281,0.011720648679485447,200000,10.0,1.1231,0.03468
